,GMV,Halaman_item,Keyword,harga_SKU,nama_SKU,penjualan
0,53625600.0,1,Rockbros,117600.0,Lampu Depan sepeda Led Rockbros Rechargeable Waterproof Original 400Lm 800Lm MTB roadbike Fixie BMX,456.0
1,23716500.0,1,Rockbros,48500.0,MASKER SEPEDA ROCKBROS WB-001B HITAM SCARF SLAYER MOTOR GOWES ANTI UV,489.0
2,1750000.0,1,Rockbros,250000.0,Rockbros Jaket Pria Lengan Panjang Anti Angin untuk Bersepeda YPW018G,7.0
3,3783970.0,1,Rockbros,45590.0,ROCKBROS 5930 Pompa Sepeda 140psi Presta Schrader Pentil Kecil Besar,83.0
4,5213600.0,1,Rockbros,186200.0,Lampu Sepeda Led Belakang Rockbros Q5 Original Smart Lamp MTB gunung roadbike Fixie BMX Lipat,28.0
5,39282880.0,1,Rockbros,39520.0,"Pompa Sepeda ROCKBROS A320  120 Psi Bicycle Pump Presta, Schrader",994.0
6,2992000.0,1,Rockbros,44000.0,Topi Sepeda ROCKBROS MZ100 Bicycle Cap Bike Hat Sport POLYESTER Original,68.0
7,22631400.0,1,Rockbros,89100.0,ROCKBROS LF-047 Bicycle Saddle Cover-Sarung Sadel-Jok Sepeda -2 ukuran,254.0
8,653660000.0,1,Rockbros,22540.0,ROCKBROS XT-9002 Arm Sleeve - Manset tangan Sepeda untuk Pria dan Wanita - 2 warna,29000.0
9,4136640.0,1,Rockbros,29760.0,Rockbros GMBT1001 Grip Handgrip Sepeda Silikon Sponge Hitam,139.0
10,3899040000.0,1,Rockbros,121845.0,Rockbros Lampu Belakang Sepeda Gunung Usb Charging Untuk Malam Hari,32000.0
11,1407000000.0,1,Rockbros,67000.0,ROCKBROS S106 Bike Glove Half Finger  Sarung Tangan Sepeda 2 Warna,21000.0
12,23716500.0,1,Rockbros,48500.0,MASKER SEPEDA ROCKBROS WB-001B HITAM SCARF SLAYER MOTOR GOWES ANTI UV,489.0
13,323000000.0,1,Rockbros,17000.0,4 Pasang Rockbros Bersepeda Manset Luar Ruangan Sepeda Motor Hiking Perlindungan UV,19000.0
14,8000000.0,1,Rockbros,80000.0,Sarung Tangan Sepeda ROCKBROS S109 Half Finger Gloves GYM Sports Anti Slip,100.0
15,9680000.0,1,Rockbros,55000.0,Sarung Tangan Sepeda Rockbros S099 - Half Finger Shockproof Gloves,176.0
16,45800000.0,1,Rockbros,100000.0,Rockbros Kacamata Sepeda Polarized dengan 5 Lensa Myopia Original 0089,458.0
17,330000000.0,1,Rockbros,10000.0,Masker Polos Original NZ Pengendara Motor 2 Bahan Berkualitas,33000.0
18,2565000.0,1,Rockbros,19000.0,Rockbros Holder Sepeda Smartphone Rotasi 360 Derajat,135.0
19,1360000.0,1,Rockbros,68000.0,Rockbros Sarung Tangan Sepeda S106 Original Pria Wanita Half FInger,20.0
20,4602000.0,1,Rockbros,19500.0,ROCKBROS Manset Tangan Sepeda Anti UV Arm Sleeve Outdoor ROCKBROS Original Ice Silk,236.0
21,45200000.0,1,Rockbros,50000.0,Pompa Sepeda Rockbros Pump MTB Roadbike Presta Bola 5930 140Psi,904.0
22,4791200.0,1,Rockbros,45200.0,Handgrip Sepeda ROCKBROS MTB Sepeda Lipat Silicone Lock Aluminium Aloy,106.0
23,9159000.0,1,Rockbros,129000.0,Manset Kaki Rockbros Legging Sepeda Anti UV Compression Leg Sleeves,71.0
24,58873500.0,1,Rockbros,87220.0,ROCKBROS Q1 Lampu Belakang Sepeda 6 Warna USB Rechargeable  Tail Light Saddle dan Seatpost,675.0
25,7900150.0,1,Rockbros,158003.0,Rockbros Kacamata Hitam Polarized Anti Uv Warna-Warni Untuk Unisex,50.0
26,8413200.0,1,Rockbros,155800.0,ROCKBROS BC18-L21 Speedometer Sepeda Wireless Waterproof,54.0
27,11970000.0,1,Rockbros,63000.0,ROCKBROS S106 - Sarung Tangan Olahraga Sepeda Half Finger Original,190.0
28,35137500.0,1,Rockbros,37500.0,ROCKBROS 2017-11B Pegangan Botol Minum Sepeda- Bike Bottle Cage-Bicycle Bottle Cage Holder-5Warna,937.0
29,11662000.0,1,Rockbros,34000.0,Masker ROCKBROS Respiro 3 lapis dengan 2 Ventilasi udara,343.0
30,20460000.0,1,Rockbros,124000.0,Rockbros AS-019-1 BLACK Tas Sadel Sepeda - Waterproof Saddle Bag PU,165.0
31,4181000.0,1,Rockbros,37000.0,ROCKBROS GJ1601 16 in 1 Bike Tools Kit Tool Bicycle Set Alat Kunci Sepeda Lipat Sepeda Gunung MTB,113.0
32,1720000.0,1,Rockbros,10000.0,ROCKBROS Cover Frame Rantai Sepeda-Pelindung Frame dari Rantai Sepeda,172.0
33,5101500.0,1,Rockbros,89500.0,Spakbor Depan Belakang Sepasang Rockbros Fender Original Bisa Lipat,57.0
34,24450000.0,1,Rockbros,30000.0,Handgrip / Gagang Sepeda Rockbros Softpad Sponge. (Original Rockbros),815.0
35,28301000.0,1,Rockbros,91000.0,Rockbros JG1040 Bike Portable Mini Pump - Pompa Sepeda Mini 100 psi,311.0
36,2652000.0,1,Rockbros,39000.0,Bel Sepeda Rockbros Bicycle Bike Bell Klakson Portable Aluminium Alloy,68.0
37,3007000.0,1,Rockbros,31000.0,ROCKBROS LDRK1002 Bicycle Metal Bell Stainless - Bel Sepeda,97.0
38,702100000.0,1,Rockbros,50150.0,Rockbross MZ-100 Bike Cap-Topi Sepeda Breathalble -Topi Dalaman Dryfit,14000.0
39,48934681.0,1,Rockbros,77551.0,Rockbros 1 Pasang Grip Stang Sepeda Mtb Bahan Spons Lembut,631.0
40,3164800.0,1,Rockbros,18400.0,Original Rockbros Manset Lengan (sepasang)Olahraga Sepeda Arm Sleve Rockbros Manset Murah,172.0
41,34807640.0,1,Rockbros,115640.0,ROCKBROS YQ-QD400LM Waterproof Bike Light 400 LM - Lampu Senter Sepeda,301.0
42,15390000.0,1,Rockbros,285000.0,Helm ROCKBROS WT18 / Helm Sepeda ROCKBROS WT-18 -- Ready Stock,54.0
43,4020000.0,1,Rockbros,20000.0,Rockbros Lampu Belakang Sepeda LED Mini Serbaguna 3 Mode Original,201.0
44,20096000.0,1,Rockbros,78500.0,Tas Sepeda Mini Bicycle Saddle Rear Bag - Tas Sadel - Rockbros C28,256.0
45,72870280.0,1,Rockbros,150248.0,Rockbros Lampu Belakang Sepeda Mtb Led Super Terang Warna Merah,485.0
46,33174000.0,1,Rockbros,116400.0,ROCKBROS S221 Gloves Sarung Tangan Sepeda Semua Ukuran - Hitam,285.0
47,958500.0,1,Rockbros,63900.0,ROCKBROS S106 Black L Sarung Tangan Bicycle Gloves Half Finger Bike Anti Slip - S106BK-L,15.0
48,10340000.0,1,Rockbros,20000.0,ROCKBROS Manset Arm Sleeve Sepeda Pelindung Anti Panas UV XT900,517.0
49,1306838.0,1,Rockbros,50263.0,Rockbros Stand Holder Handphone Universal Bahan Silikon Elastis Adjustable Untuk Stang Sepeda,26.0
50,17745900.0,1,Rockbros,44700.0,Hand Grip Gagang Sepeda Rockbros Handlebar Silicone Sponge - BT1001,397.0
51,110000000.0,1,Rockbros,10000.0,Rockbros Sepeda Lipat MTB Road Bike Pelindung Rantai Frame Sepeda,11000.0
52,5589920.0,1,Rockbros,60760.0,ROCKBROS T609 T512 Lock Helmet Bike- Kunci Gembok Sepeda Kombinasi Flexible 4 Angka,92.0
53,11692000.0,1,Rockbros,37000.0,Pompa Sepeda Rockbros 120 PSI Alloy Pentil Schrader dan Presta,316.0
54,540000.0,1,Rockbros,45000.0,Tempat Holder Botol Minum Sepeda Rockbros 2009-14C Original,12.0
55,46438000.0,1,Rockbros,217000.0,Kacamata sepeda Rockbros photocromic,214.0
56,1360000.0,1,Rockbros,68000.0,Rockbros Sarung Tangan Sepeda S106 Original Pria Wanita Half FInger,20.0
57,24648000.0,1,Rockbros,52000.0,ROCKBROS Bel Sepeda Electric Bell Horn Dua Warna Hitam-Merah,474.0
58,4000000.0,1,Rockbros,125000.0,Lampu Belakang Sepeda ROCKBROS Q3 SMART LIGHT TAIL REAR BRAKE SENSOR,32.0
59,2160000.0,1,Rockbros,60000.0,ROCKBROS LF8065 Masker Balaclava Buff Slayer Motor Sepeda Anti UV Face Mask Dengan Lubang Kacamata,36.0
60,1100000.0,1,Matoa,55000.0,Matoa,20.0
61,195500000.0,1,Matoa,8500.0,Bibit matoa super murah cepat berbuah,23000.0
62,144000000.0,1,Matoa,6000.0,Bibit matoa,24000.0
63,102600000.0,1,Matoa,5400.0,Bibit matoa super manis,19000.0
64,90000.0,1,Matoa,30000.0,Matoa,3.0
65,3333000.0,1,Matoa,33000.0,BUAH MATOA 1KG,101.0
66,6290000.0,1,Matoa,37000.0,buah matoa,170.0
67,624000.0,1,Matoa,26000.0,"matoa,",24.0
68,285576000.0,1,Matoa,1304000.0,Matoa Singo Mantra Jam Tangan Kayu Pria/Wanita/Unisex - Ebony,219.0
69,1035000.0,1,Matoa,15000.0,BUAH PAPUA MATOA FRESH KEMASAN EKONOMIS 200GR,69.0
70,8274000.0,1,Matoa,42000.0,buah matoa 3 rasa/rambutan/kelengkeng/durian/harga per1kg,197.0
71,625000.0,1,Matoa,25000.0,bibit matoa super,25.0
72,40150000.0,1,Matoa,50000.0,Engrave/Grafir Nama Jam Tangan Matoa,803.0
73,69000.0,1,Matoa,23000.0,Buah matoa stok terbatas,3.0
74,1292000.0,1,Matoa,38000.0,1KG BUAH MATOA KAYA MANFAAT,34.0
75,3892500.0,1,Matoa,7500.0,Bibit Tanaman Matoa cepat berbuah,519.0
76,2441400.0,1,Matoa,7800.0,Bibit matoa super murah,313.0
77,112500.0,1,Matoa,22500.0,buah matoa rambutan Papua rasa manis,5.0
78,815000000.0,1,Matoa,1630000.0,Matoa Singo Jam Tangan Kayu Pria/Wanita/Unisex - Ebony,500.0
79,306000.0,1,Matoa,25500.0,Buah Matoa dari Papua,12.0
80,1064000000.0,1,Matoa,38000.0,Buah matoa 1kg,28000.0
81,195000.0,1,Matoa,7500.0,Bibit matoa,26.0
82,760000.0,1,Matoa,40000.0,Matoa buah matoa segar manis langka asal papua rasa durian lengkeng rambutan dalam satu gigitan,19.0
83,5967000.0,1,Matoa,8500.0,BELI 2 GRATIS 1.BIBIT MATOA manis,702.0
84,0.0,1,Matoa,17000.0,Matoa/Rambutan Papua,0.0
85,1100000.0,1,Matoa,55000.0,Matoa,20.0
86,796670000.0,1,Matoa,1330000.0,Matoa Rakai Jam Tangan Kayu Pria/Wanita/Unisex - Ebony,599.0
87,144000000.0,1,Matoa,6000.0,Bibit matoa,24000.0
88,672000.0,1,Matoa,28000.0,bibit matoa unggul,24.0
89,562590000.0,1,Matoa,1330000.0,Matoa Rakai Full Moon Jam Tangan Kayu Pria/Wanita/Unisex - Maple,423.0
90,300000000.0,1,Matoa,25000.0,Buah Matoa / Rambutan Papua,12000.0
91,3308000.0,1,Matoa,4000.0,Bibit Matoa super 30-40cm,827.0
92,1200000.0,1,Matoa,5000.0,Bibit Buah Matoa Merah Asli Papua,240.0
93,454860000.0,1,Matoa,1330000.0,Matoa Way Kambas Mini Jam Tangan Kayu Pria/Wanita/Unisex - Maple,342.0
94,102600000.0,1,Matoa,5400.0,Bibit matoa super manis,19000.0
95,13800000.0,1,Matoa,40000.0,Buah Matoa Papua Besar Manis 1kg,345.0
96,50779000.0,1,Matoa,51500.0,PROMO MATOA 1 kg,986.0
97,9725000.0,1,Matoa,25000.0,Buah Matoa Segar Manis | Matoa Buah Khas Papua,389.0
98,205352000.0,1,Matoa,1064000.0,Matoa Rakai Mini Maple Jam Tangan Kayu Pria/Wanita/Unisex - Maple,193.0
99,324000.0,1,Matoa,12000.0,Bibit Pohon Tanaman Matoa Super Manis Cepat Berbuah Terlaris,27.0
100,195500000.0,1,Matoa,8500.0,Bibit matoa super murah cepat berbuah,23000.0
101,3630000.0,1,Matoa,30000.0,Bibit Matoa Super Murah,121.0
102,76000.0,1,Matoa,19000.0,matoa 1/2 kg,4.0
103,504000.0,1,Matoa,12000.0,Tanaman Bibit Buah Matoa cepat Okulasi Cepat Berbuah Tambulapot,42.0
104,585000.0,1,Matoa,45000.0,buah matoa,13.0
105,2781898.0,1,Matoa,12761.0,Tanaman Bibit Buah Matoa cepat berbuah okulasi cepat berbuah,218.0
106,1040000.0,1,Matoa,32500.0,Buah Matoa SUPER 500 gr / Matoa Manis / Buah Matoa / Buah Segar,32.0
107,2886000.0,1,Matoa,39000.0,MATOA MURAH,74.0
108,11280000.0,1,Matoa,60000.0,Bigadventure Matoa - Handuk Microfiber,188.0
109,815290000.0,1,Matoa,1330000.0,Matoa Rakai Jam Tangan Kayu Pria/Wanita/Unisex - Maple,613.0
110,650000.0,1,Matoa,50000.0,Buah Matoa,13.0
111,20000.0,1,Matoa,10000.0,bibit matoa super unggul berbuah pendek,2.0
112,1035520.0,1,Matoa,25888.0,buah matoa (READY),40.0
113,134100.0,1,Matoa,14900.0,BUAH MATOA SEGAR MURAH KEMASAN EKONOMIS 200 GR,9.0
114,30000.0,1,Matoa,30000.0,Grosir matoa merah super,1.0
115,815000000.0,1,Matoa,1630000.0,Matoa Singo Jam Tangan Kayu Pria/Wanita/Unisex - Ebony,500.0
116,562590000.0,1,Matoa,1330000.0,Matoa Rakai Full Moon Jam Tangan Kayu Pria/Wanita/Unisex - Maple,423.0
117,4026000.0,1,Matoa,6000.0,Bibit matoa super merah,671.0
118,28000.0,1,Matoa,7000.0,BIBIT MATOA,4.0
119,504000.0,1,Matoa,12000.0,Tanaman Bibit Buah Matoa cepat Okulasi Cepat Berbuah Tambulapot,42.0
120,2580000.0,2,Matoa,20000.0,Tanaman Matoa cepat berbuah Bibit tanaman buah,129.0
121,1200000.0,2,Matoa,5000.0,Bibit Buah Matoa Merah Asli Papua,240.0
122,2781898.0,2,Matoa,12761.0,Tanaman Bibit Buah Matoa cepat berbuah okulasi cepat berbuah,218.0
123,50000.0,2,Matoa,10000.0,Bibit matoa,5.0
124,180000.0,2,Matoa,30000.0,bibit buah matoa,6.0
125,498750.0,2,Matoa,23750.0,BUAH MATOA - 100% Fresh,21.0
126,907500.0,2,Matoa,27500.0,Matoa Pometia Pinnata Fresh Segar Buah Lokal Taun Papua,33.0
127,226432500.0,2,Matoa,997500.0,Matoa Rakai Mini Ebony Jam Tangan Kayu Pria/Wanita/Unisex - Ebony,227.0
128,864000.0,2,Matoa,4000.0,bibit Matoa,216.0
129,68125.0,2,Matoa,13625.0,Bibit Tanaman Buah Matoa Merah Super,5.0
130,8430000.0,2,Matoa,30000.0,Bibit Matoa Super,281.0
131,397500000.0,2,Matoa,26500.0,BIBIT TANAMAN MATOA cepat berbuah,15000.0
132,1026000.0,2,Matoa,9000.0,Bibit Matoa Merah Jumbo Cepat Berbuah COD,114.0
133,2432500.0,2,Matoa,13900.0,PROMO TERMURAH BUAH MATOA SEGAR KEMASAN EKONOMIS 200GR,175.0
134,690000.0,2,Matoa,23000.0,Matoa / 300gr / 500 gr / 1kg,30.0
135,49920000.0,2,Matoa,1280000.0,Matoa - Kumbang Nila Maple Jam Tangan Kayu Pria/Wanita/Unisex,39.0
136,2015000.0,2,Matoa,32500.0,Buah Matoa 500g / Matoa Manis / Buah Segar,62.0
137,7500000.0,2,Matoa,25000.0,BIBIT BUAH MATOA Ready buah & bibit pohon nya,300.0
138,235144000.0,2,Matoa,1064000.0,Matoa Rakai Mini Full Moon Jam Tangan Kayu Pria/Wanita/Unisex - Maple,221.0
139,40000.0,2,Matoa,40000.0,Paket 3 bibit matoa,1.0
140,247912000.0,2,Matoa,1064000.0,Matoa Way Kambas Jam Tangan Kayu Pria/Wanita/Unisex - Maple,233.0
141,1462800.0,2,Matoa,15900.0,matoa papua,92.0
142,45000.0,2,Matoa,45000.0,MATOA PROMO!!!!,1.0
143,150000.0,2,Matoa,30000.0,Matoa,5.0
144,3127500.0,2,Matoa,4500.0,Bibit Matoa Berkualitas unggul cepat berbuah bisa tabulapot,695.0
145,920000.0,2,Matoa,40000.0,Buah Matoa,23.0
146,85000.0,2,Matoa,5000.0,bibit buah matoa siap tanam,17.0
147,4691634.0,2,Matoa,49911.0,Grosir!!!MATOA Manis TERMURAH,94.0
148,48640000.0,2,Matoa,1280000.0,Matoa - Kumbang Jingga Maple Jam Tangan Kayu Pria/Wanita/Unisex,38.0
149,180000.0,2,Matoa,20000.0,Bibit Matoa 1 meter Up,9.0
150,69000.0,2,Matoa,23000.0,[termurah] matoa merah,3.0
151,223440000.0,2,Matoa,1330000.0,Matoa Way Kambas Jam Tangan Kayu Unisex - Ebony,168.0
152,140000.0,2,Matoa,35000.0,Matoa kuning gold (garansi buah 100%),4.0
153,12995000.0,2,Matoa,23000.0,Matoa 500gr,565.0
154,368380000.0,2,Matoa,1630000.0,Matoa Singo Jam Tangan Kayu Pria/Wanita/Unisex - Maple,226.0
155,2580000.0,2,Matoa,20000.0,Tanaman Matoa cepat berbuah Bibit tanaman buah,129.0
156,75000.0,2,Matoa,75000.0,Buah Matoa Termurah,1.0
157,672000.0,2,Matoa,14000.0,BIBIT TANAMAN MATOA SUPER MANIS,48.0
158,1170000.0,2,Matoa,45000.0,Buah Matoa Super Premium /500gram,26.0
159,210600000.0,2,Matoa,1170000.0,Matoa Sunda Jam Tangan Kayu Pria/Wanita/Unisex - Maple,180.0
160,934500.0,2,Matoa,10500.0,Tanaman Bibit Buah Matoa Okulasi Cepat Berbuah,89.0
161,2400000.0,2,Matoa,50000.0,Buah matoa ( ready) fresh ready..sistim p. o smpe kuota penuh masih langka soalnya,48.0
162,225150000.0,2,Matoa,950000.0,Matoa Kaili Jam Tangan Kayu Pria/Wanita/Unisex - Maple,237.0
163,10240000.0,2,Matoa,1280000.0,Matoa - Kumbang Maroon Ebony Jam Tangan Kayu Pria/Wanita/Unisex,8.0
164,476000.0,2,Matoa,8500.0,Bibit Matoa super cepat berbuah termurah bisa untuk tambulapot 1 kg muat 5 bibit,56.0
165,66880.0,2,Matoa,6080.0,Bibit matoa okulasi super unggulan bibit tanaman buah unik Matoa,11.0
166,35000.0,2,Matoa,35000.0,Buah Matoa (tanyakan stok),1.0
167,28160000.0,2,Matoa,1280000.0,Matoa - Kumbang Toska Ebony Jam Tangan Kayu Pria/Wanita/Unisex,22.0
168,280000.0,2,Matoa,35000.0,bibit mangga kiojay,8.0
169,2295000.0,2,Matoa,45000.0,matoa,51.0
170,1820000.0,2,Matoa,20000.0,Buah Matoa asli papua 1 pack,91.0
171,4026000.0,2,Matoa,6000.0,Bibit matoa super merah,671.0
172,128000.0,2,Matoa,2000.0,biji benih tanaman buah matoa isi 2 butir/repack,64.0
173,1305000.0,2,Matoa,45000.0,Matoa 1Kg,29.0
174,26950.0,2,Matoa,26950.0,Matoa 500 Gram / Buah Segar,1.0
175,404000.0,2,Matoa,4000.0,Bibit matoa,101.0
176,0.0,2,Matoa,35000.0,"TokoBibitArea Bibit Tanaman Buah MATOA Unggul, Murah, Bergaransi",0.0
177,0.0,2,Matoa,30000.0,bibit buah matoa,0.0
178,80000.0,2,Matoa,40000.0,bibit tanaman buah matoa,2.0
179,0.0,2,Matoa,8500.0,PROMO Bibit Matoa Super/Bibit Matoa Tinggi 70cm/Bibit Buah Matoa Murah,0.0
180,0.0,3,Matoa,22000.0,Bibit tanaman pohon buah matoa bibi matoa,0.0
181,26000.0,3,Matoa,13000.0,bibit buah matoa super 3 rasa,2.0
182,175000.0,3,Matoa,25000.0,Bibit tanaman matoa pohon matoa,7.0
183,106400000.0,3,Matoa,950000.0,Matoa Mori Jam Tangan Kayu Pria/Wanita/Unisex - Ebony,112.0
184,495000.0,3,Matoa,5000.0,BIBIT BUAH MATOA 1 METER,99.0
185,374000.0,3,Matoa,8500.0,Bibit Tanaman Buah Matoa Super Bibit Buah Matoa Cangkok Bibit Matoa Cangkok - AGRO WISATANI,44.0
186,404000.0,3,Matoa,4000.0,Bibit matoa,101.0
187,93450000.0,3,Matoa,1050000.0,Matoa Gili Jam Tangan Kayu Pria/Wanita/Unisex - Ebony,89.0
188,7525000.0,3,Matoa,25000.0,JUAL BUAH MATOA & BIBIT POHON MATOA,301.0
189,10511.0,3,Matoa,10511.0,BIBIT Buah MATOA MINI Daging tebal Super Unggul CEPAT BERBUAH - AGRO WISATANI,1.0
190,135000.0,3,Matoa,45000.0,Bibit Buah Matoa siap berbunga/berbuah,3.0
191,2131500.0,3,Matoa,10500.0,Bibit matoa,203.0
192,127050000.0,3,Matoa,1050000.0,Matoa Moyo Jam Tangan Kayu Pria/Wanita/Unisex - Maple,121.0
193,0.0,3,Matoa,45000.0,Bibit Matoa cepat berbuah,0.0
194,450000.0,3,Matoa,25000.0,Bibit Durian Montong thailand (ORIGINAL),18.0
195,50000.0,3,Matoa,50000.0,bibit buah matoa manis cangkok,1.0
196,0.0,3,Matoa,38000.0,Buah matoa merah jumbo buah matoa ijo rasa durian n manis,0.0
197,90000.0,3,Matoa,45000.0,Tanaman buah matoa asli papua,2.0
198,1755000.0,3,Matoa,175500.0,Tas Rajut Kaboki MATOA / Taupe / K-394-CL-TPE,10.0
199,28160000.0,3,Matoa,1280000.0,Matoa - Kumbang Api Maple Jam Tangan Kayu Pria/Wanita/Unisex,22.0
200,550000.0,3,Matoa,22000.0,PROMO DAHSYAT BUAH MATOA 500 GR,25.0
201,10000.0,3,Matoa,2500.0,1 benih buah matoa papua,4.0
202,0.0,3,Matoa,300000.0,Jaket Gunung Adventure Original Savana Seri Matoa warna Navy size L,0.0
203,34000.0,3,Matoa,34000.0,4 paket bibit matoa,1.0
204,0.0,3,Matoa,70000.0,paket 3 bibit buah matoa super berkualitas,0.0
205,14080000.0,3,Matoa,1280000.0,Matoa - Kumbang Indigo Ebony Jam Tangan Kayu Pria/Wanita/Unisex,11.0
206,95000.0,3,Matoa,95000.0,Matoa Set ORI Naura One Set Jumbo Setelan Rayon Jumbo,1.0
207,8900.0,3,Matoa,8900.0,Bibit buah matoa khas Papua kelengkeng lychee,1.0
208,6300000.0,3,Matoa,25000.0,Bibit Pohon Matoa Bibit Tanaman Matoa Buah Matoa Mirip Kelengkeng Aroma Durian Khas Papua,252.0
209,254400.0,3,Matoa,15900.0,Bibit tanaman buah matoa merah super cepat berbuah,16.0
210,252000.0,3,Matoa,12000.0,2 paket bibit matoa,21.0
211,106050000.0,3,Matoa,1050000.0,Matoa Rote Jam Tangan Kayu Pria/Wanita/Unisex - Ebony,101.0
212,2160000.0,3,Matoa,48000.0,Baby cumi rebus darat,45.0
213,12600.0,3,Matoa,6300.0,Bibit Buah Matoa Merah Asli Papua Kualitas Unggul,2.0
214,95550000.0,3,Matoa,1050000.0,Matoa Sumba Jam Tangan Kayu Pria/Wanita/Unisex - Maple,91.0
215,0.0,3,Matoa,500000.0,[Preloved] MATOA Jam Tangan Kayu - Flores Series,0.0
216,67840000.0,3,Matoa,1280000.0,Matoa Tomia M Jam Tangan Kayu Pria/Wanita/Unisex - Ebony,53.0
217,190000.0,3,Matoa,95000.0,MATOA SET MOM | SETELAN WANITA MOTIF MATOA / PRODUK BY ORINAURA,2.0
218,105000.0,3,Matoa,105000.0,Celana gunung pendek makalu matoa,1.0
219,0.0,3,Matoa,550000.0,Preloved Matoa Moyo,0.0
220,360000.0,3,Matoa,45000.0,Bibit Tanaman Buah Matoa Super-Bibit Buah Matoa Cangkok-Bibit Matoa Cangkok,8.0
221,80000.0,3,Matoa,40000.0,garansi bibit buah matoa jumbo agro tanaman,2.0
222,0.0,3,Matoa,700000.0,Jam tangan kayu MATOA ROTE,0.0
223,180000.0,3,Matoa,90000.0,MATOA SET BY ORIGINAL NAURA,2.0
224,0.0,3,Matoa,50000.0,Buah matoa 1kg,0.0
225,0.0,3,Matoa,94999.0,MATOA SET | SETELAN WANITA / FASHION One Set ORINAURA,0.0
226,0.0,3,Matoa,209000.0,BIBIT POHON MATOA UNGGUL JENIS SUPER OKULASI - CANGKOK PEMBIBITAN - AGRO WISATANI,0.0
227,0.0,3,Matoa,65000.0,Matoa buah asal papua 65.000/kg,0.0
228,2036600.0,3,Matoa,59900.0,Handuk Microfiber Matoa Bigadventure Towel Mini Portable Traveling,34.0
229,3036000.0,3,Matoa,69000.0,Crewneck Murah/ Crewneck bekas/ Crewneck PL / Crewneck second / Thrift Crewneck / Hoodie Murah,44.0
230,0.0,3,Matoa,118000.0,Bibit unggul kualitas buah terbaik MATOA SUPER Cepat berbuah pembibitan mathoa okulasi cangkok,0.0
231,9785000.0,3,Matoa,95000.0,1paket bibit buah buahan 4bibit,103.0
232,6776000.0,3,Matoa,56000.0,buah matoa/ rambutan papua 1 buah 3 rasa,121.0
233,0.0,3,Matoa,71000.0,[KODE Y6603] [COD] Bibit matoa super cangkok manis,0.0
234,0.0,3,Matoa,250000.0,Matoa coffee,0.0
235,280000.0,3,Matoa,140000.0,Escanor Setelan Jumbo Bahan Katun Premium,2.0
236,2100000.0,3,Matoa,150000.0,fresh cangkok matoa,14.0
237,60000.0,3,Matoa,60000.0,bibit buah matoa super unggul an+,1.0
238,810000.0,3,Matoa,135000.0,setelan lilian-set,6.0
239,0.0,3,Matoa,203000.0,PAKET bibit Matoa Okulasi ISI 3 pohon  - WISATA AGROTANI,0.0
240,0.0,4,Matoa,37000.0,Cr4Ft Bibit Tanaman Buah Matoa,0.0
241,105000.0,4,Matoa,105000.0,1 Bibit Kelapa Kopyor Gratis 1 Bibit Matoa,1.0
242,127530000.0,4,Matoa,1170000.0,Matoa Alor Jam Tangan Kayu Pria/Wanita/Unisex - Ebony,109.0
243,7855018.0,4,Matoa,7999.0,bibit matoa cepat berbuah,982.0
244,1627500.0,4,Matoa,10500.0,Bibit Matoa // Tanaman Buah Matoa // Bibit Kelengkeng Irian,155.0
245,2142000.0,4,Matoa,42000.0,BUAH MATOA PATI 1 KG FRESH 3 RASA,51.0
246,0.0,4,Matoa,35000.0,matoa,0.0
247,0.0,4,Matoa,7000.0,Bibit matoa mini - AGRO WISATANI,0.0
248,480000.0,4,Matoa,15000.0,Bibit Matoa Unggul,32.0
249,3995000.0,4,Matoa,42500.0,BIBIT BUAH MATOA SUPER MANIS / Cepat berbuah stek okulasi/ BISA TANAM DALAM POT,94.0
250,100000.0,4,Matoa,50000.0,Matoa PAPUA READY,2.0
251,32250000.0,4,Matoa,250000.0,buah MATOA up 5kg,129.0
252,1200000.0,4,Matoa,50000.0,BUAH MATOA PAPUA,24.0
253,302575.0,4,Matoa,3325.0,biji/benih/bibit buah matoa merah / 1 biji,91.0
254,430000.0,4,Matoa,53750.0,Matoa Selai Coklat Strawberry Kacang 340gr,8.0
255,31325000.0,4,Matoa,175000.0,SADA by Cathy Sharon Telu Perfect Browliner - 03 Matoa,179.0
256,0.0,4,Matoa,52000.0,Bibit Tanaman Buah Matoa-Bibit Matoa Cangkok/Sambung,0.0
257,0.0,4,Matoa,27000.0,Bibit Buah Matoa super genjah,0.0
258,2119600.0,4,Matoa,2800.0,biji benih buah matoa fruit 1 biji,757.0
259,918000.0,4,Matoa,13500.0,Bibit Pohon Matoa - Buah Mirip Kelengkeng Aroma Durian - Khas Papua,68.0
260,0.0,4,Matoa,24500.0,Matoa,0.0
261,0.0,4,Matoa,500000.0,Jam Matoa Alor SOOOLLD,0.0
262,0.0,4,Matoa,23000.0,Matoa Hijau Manis MURAH BERKUALITAS,0.0
263,0.0,4,Matoa,4194400.0,( BISA COD ) MATOA SDR HF ALL BAND 3 - 30MHZ TERBATAS [Kode 1|Kode 2|Kode 3|Kode 4|Kode 5|Kode,0.0
264,4480500.0,4,Matoa,8700.0,bibit buah matoa,515.0
265,0.0,4,Matoa,47000.0,S3N4 BIBIT BUAH MATOA H2O,0.0
266,0.0,4,Matoa,58000.0,Okulasi Tanaman Bibit Buah Matoa *_*,0.0
267,315000.0,4,Matoa,15000.0,D2N Bibit Tanaman Matoa Cepat Berbuah,21.0
268,0.0,4,Matoa,58000.0,premium bibit buah matoa kw import,0.0
269,0.0,4,Matoa,28000.0,Extrim Bibit Matoa / Pohon Matoa / Buah Matoa,0.0
270,0.0,4,Matoa,900000.0,Jam Tangan Matoa Alor Like New + Package Kayu,0.0
271,0.0,4,Matoa,55000.0,matoa super segar grosir,0.0
272,0.0,4,Matoa,11250.0,Bibit buah matoa merah super,0.0
273,0.0,4,Matoa,52000.0,Bibit Tanaman Buah Matoa-Bibit Matoa Cangkok/Sambung,0.0
274,0.0,4,Matoa,84000.0,i9f TERB@RU BIBIT TANAMAN BUAH KELENGKENG MATOA ISLAND LYCHEE BLN,0.0
275,0.0,4,Matoa,36000.0,In0V Asli! Bibit Pohon Matoa - Buah Mirip Kelengkeng Aroma Durian - Khas,0.0
276,0.0,4,Matoa,80000.0,Kw+ Bibit Tanaman Buah Kelengkeng Matoa Island Lychee Premium $_$,0.0
277,200000.0,4,Matoa,12500.0,Bibit Matoa Pohon Matoa Bibit Buah Matoa Tanaman Matoa,16.0
278,0.0,4,Matoa,2256000.0,Matoa Singo Jam Tangan Kayu Pria/Wanita/Unisex - Maple (ART. 7749),0.0
279,0.0,4,Matoa,35500.0,buah matoa segar fresh dr pohon langsung,0.0
280,0.0,4,Matoa,85000.0,Bibit buah Matoa daerah ciamis,0.0
281,0.0,4,Matoa,18000.0,Bibit Tanaman Matoa Super Unggul (UNGGUL),0.0
282,178220000.0,4,Matoa,1330000.0,Matoa Way Kambas Mini Jam Tangan Kayu Unisex - Ebony,134.0
283,0.0,4,Matoa,65000.0,Laris ONE SET TERMURAH () | TLA MOLFA SINTIA PITA LINGLING SANDIANA LAFA MATOA RULA RENA JEFA ASHEFA,0.0
284,324200.0,4,Matoa,12968.0,BIBIT Buah MATOA MINI 40CM Daging tebal MANIS Super Unggul CEPAT BERBUAH BB,25.0
285,150000.0,4,Matoa,25000.0,BUAH MATOA Ready buah & bibit pohon nya - AGRO WISATANI,6.0
286,0.0,4,Matoa,88000.0,(IND Shop CS 16Ju8Bj) Bibit matoa super murah cepat berbuah ,0.0
287,0.0,4,Matoa,50000.0,BUAH MATOA SUPER,0.0
288,106050000.0,4,Matoa,1050000.0,Matoa Flores Jam Tangan Kayu Pria/Wanita/Unisex - Maple,101.0
289,0.0,4,Matoa,24890.0,Bibit buah MATOA super unggul,0.0
290,0.0,4,Matoa,35000.0,pr0mo bibit pohon matoa - buah matoa - tanaman island lychee - mirip leci terbaik! dm+,0.0
291,0.0,4,Matoa,57000.0,"Pupuk Buah Matoa Agar Cepat Berbuah Lebat, Booster Organik Multiguna Semua Jenis Tanaman",0.0
292,94720000.0,4,Matoa,1280000.0,Matoa Tomia M Jam Tangan Kayu Pria/Wanita/Unisex - Maple,74.0
293,0.0,4,Matoa,209000.0,BIBIT POHON MATOA UNGGUL JENIS SUPER OKULASI - CANGKOK PEMBIBITAN - WISATA AGROTANI,0.0
294,0.0,4,Matoa,176000.0,Termurah Paket 4 Bibit Mangga Erwin.Matoa.Klengkeng Merah. Duku Non Biji %1,0.0
295,0.0,4,Matoa,57000.0,Sale Bibit Buah Matoa,0.0
296,0.0,4,Matoa,50000.0,Bibit Matoa,0.0
297,71500.0,4,Matoa,6500.0,Bibit Matoa super Murah (Bayar di tempat),11.0
298,12500.0,4,Matoa,12500.0,Bibit Matoa Pohon Matoa Bibit Buah Matoa Tanaman Matoa,1.0
299,0.0,4,Matoa,222000.0,"PAKET4BIBIT BUAH MURAH DAN BERKUALITAS TERBAIK,CERY,LECY,MATOA,AGURBRAZIL",0.0
300,0.0,5,Matoa,32500.0,Bibit Tanaman Buah Matoa Cepat Berbuah,0.0
301,16405000.0,5,Matoa,85000.0,Buah matoa papua,193.0
302,25000.0,5,Matoa,25000.0,bibit matoa,1.0
303,0.0,5,Matoa,16000.0,Bibit Tanaman Buah Matoa-Bibit Matoa-Bibit Matoa Cangkok & Okulasi,0.0
304,15000.0,5,Matoa,15000.0,Bibit matoa merah,1.0
305,305550.0,5,Matoa,101850.0,SETELAN WANITA JUMBO | MATOA SET jumbo RESTOCK LD+/-130 cm RAYON VISCOSE BEST SELLER SHOPEE,3.0
306,0.0,5,Matoa,209000.0,BIBIT POHON MATOA UNGGUL JENIS SUPER OKULASI - CANGKOK PEMBIBITAN,0.0
307,0.0,5,Matoa,50000.0,Bibit Matoa (Rambutan Papua),0.0
308,6786846.0,5,Matoa,29898.0,Bibit buah MATOA Berkualitas super unggul bisa TABULAMPOT,227.0
309,0.0,5,Matoa,50000.0,MATOA,0.0
310,0.0,5,Matoa,100000.0,MATOA SET || RAYON TIDIE || DAILY SETELAN BATWING,0.0
311,0.0,5,Matoa,7764800.0,( BISA COD ) FULL SET MATOA SDR - LPA TRANSCEIVER HF ALL BAND 3 - 30MHZ VER 2.0 NEW [Kode 1|Kode,0.0
312,0.0,5,Matoa,194000.0,r01 Stok Ready! Paket 4 Bibit Mangga Erwin.Matoa.Klengkeng Merah. Duku Non Biji @_$ dm19,0.0
313,0.0,5,Matoa,51000.0,Bibit Tanaman Buah Matoa Unggul Murah Bergaransi H0U,0.0
314,0.0,5,Matoa,110000.0,one set dewasa,0.0
315,0.0,5,Matoa,50000.0,buah matoa,0.0
316,0.0,5,Matoa,727000.0,Earthy Genova - 15 oz Matoa Selvedge Denim (ART. P08),0.0
317,0.0,5,Matoa,106000.0,"Paket 3 Bibit Unggul (Matoa, Kelapa, Daun Salam) K4J!",0.0
318,0.0,5,Matoa,19000.0,Bibir matoa mini,0.0
319,0.0,5,Matoa,175000.0,Best Seller BIBIT UNGGUL POHON BUAH MATOA JENIS SUPER OKULASI - CANGKOK PEMBIBITAN TERBAIK ,0.0
320,0.0,5,Matoa,76000.0,PROMO BESAR KODE-597 OBRAL BUAH MATOA PAPUA 500 GRAM,0.0
321,0.0,5,Matoa,130000.0,Paket 3 bibit buah matoa super,0.0
322,0.0,5,Matoa,55000.0,Sh0P Bibit Pohon Matoa 70Cm Up / Lengkeng Irian Buah Matoa,0.0
323,40000.0,5,Matoa,20000.0,BIBIT MATOA SUPER GENJAH (KHANZA),2.0
324,10000.0,5,Matoa,10000.0,bibit matoa,1.0
325,0.0,5,Matoa,185000.0,Paket 6 Bibit Matoa Okulasi Tanaman Terlaris Bibit Matoa Pohon Matoa Buah Matoa Sp - WISATA AGROTAN,0.0
326,0.0,5,Matoa,133000.0,Granit 60x60 KIA Matoa Ivory,0.0
327,200000.0,5,Matoa,50000.0,PAKET SUPER HEMAT 10 Bibit Tanaman Buah Matoa,4.0
328,0.0,5,Matoa,660000.0,[Peralatan] pagar dan reling tangga matoa residence Tukang/Angkut,0.0
329,0.0,5,Matoa,38000.0,T4B Bibit Buah Matoa,0.0
330,0.0,5,Matoa,39000.0,BERKAH PROMO BIBIT BUAH MATOA ATAU BUAH KELENGKENG IRIAN UNGGUL,0.0
331,0.0,5,Matoa,41000.0,Asli! Bibit Tanaman Buah Matoa Laris Murah!,0.0
332,0.0,5,Matoa,1631000.0,Matoa Alor Jam Tangan Kayu Pria/Wanita/Unisex - Ebony (ART. 1360),0.0
333,0.0,5,Matoa,24000.0,laris Bibit Tanaman Matoa cepat berbuah murah,0.0
334,0.0,5,Matoa,75000.0,Bibit Buah Langka Matoa Papua Asli Dan Cepat Berbuah - AGRO WISATANI,0.0
335,0.0,5,Matoa,95000.0,Flash Sale - Matoa 1Kg,0.0
336,0.0,5,Matoa,65000.0,PAKET 10 bibit tanaman buah matoa (COD) (BISACOD),0.0
337,0.0,5,Matoa,107000.0,end best!! terlaris bibit tanaman buah kelengkeng matoa island lychee @_# .. terjamin!! xeon,0.0
338,0.0,5,Matoa,1453000.0,[ART. 087318] Matoa Gili Jam Tangan Kayu Pria/Wanita/Unisex - Ebony,0.0
339,0.0,5,Matoa,1461000.0,(  ) Matoa Moyo Jam Tangan Kayu Pria/Wanita/Unisex - Maple,0.0
340,0.0,5,Matoa,103000.0,Best Seller!! (tjs-655) Buah Matoa Papua Besar Manis 1kg,0.0
341,0.0,5,Matoa,167000.0,fr31 GRANIT SERAT KAYU KIA UGP TILES MATOA IVORY 60X60,0.0
342,38250.0,5,Matoa,2550.0,Kayu Macrame |Ranting kayu| kayu Matoa | Kayu Sungkai |diameter 2meter,15.0
343,0.0,5,Matoa,24000.0,Bibit Matoa Tinggi 1Meter,0.0
344,0.0,5,Matoa,1252000.0,Q99 Matoa Gili Jam Tangan Kayu Pria/Wanita/Unisex - Ebony Berkualitaz,0.0
345,254800.0,5,Matoa,9100.0,bibit matoa super bisa cod,28.0
346,0.0,5,Matoa,50000.0,Paket 2 Bibit Tanaman Buah Matoa Super Manis,0.0
347,0.0,5,Matoa,68000.0,"PND  Bibit Tanaman Matoa Tinggi 1,5 Meter NYG ",0.0
348,178000.0,5,Matoa,89000.0,BIBIT TANAMAN MATOA UNGGUL,2.0
349,0.0,5,Matoa,1100000.0,JQM TANGAN PRIA/WANITA/ MATOA KAILI/ORIGINAL,0.0
350,0.0,5,Matoa,40000.0,Back Bibit Pohon Buah Red Matoa Papua,0.0
351,0.0,5,Matoa,1854000.0,Matoa Way Kambas Jam Tangan Kayu Unisex - Ebony (ART. 5541),0.0
352,778700.0,5,Matoa,59900.0,Buah MATOA 1 KG,13.0
353,0.0,5,Matoa,74000.0,Best Seller.. Bibit Pohon Matoa Bibit Tanaman Matoa Buah Matoa Mirip Kelengkeng Aroma Durian Khas Pa,0.0
354,0.0,5,Matoa,177000.0,PROMO Setelan Detta Unique Matoa Sibori Binsa Sogan Set Atasan Celana Kulot Wanita By Ori Naura (ART,0.0
355,0.0,5,Matoa,49000.0,"Best Produk Bibit Tanaman Matoa Tinggi 1,5 Meter",0.0
356,0.0,5,Matoa,70000.0,Big Adventure Matoa - Handuk Microfiber - Handuk Hiking,0.0
357,711875.0,5,Matoa,10625.0,Bibit Tanaman Matoa Super Unggul,67.0
358,0.0,5,Matoa,152000.0,Keramik 50x50 Matoa Series,0.0
359,0.0,5,Matoa,2399000.0,Matoa Way Kambas Maple - Way Kambas Mini Maple Jam Tangan Kayu,0.0
360,283040.0,1,konichiwa,35380.0,Buku Travelling / Konichiwa Japan! / Buku tentang Jepang / Buku Travelling Jepang,8.0
361,4187000.0,1,konichiwa,79000.0,Konnichiwa Flexoft Wedges Flip Flops Aqua,53.0
362,12126000.0,1,konichiwa,129000.0,Sandal Konnichiwa Lazy Day - Turquoise - Women,94.0
363,632000.0,1,konichiwa,79000.0,Sandal WOMEN Konnichiwa x GSI PUG Purple,8.0
364,325000.0,1,konichiwa,65000.0,Sandal konichiwa,5.0
365,27735000.0,1,konichiwa,129000.0,Sandal Konnichiwa x GSI - Party Dogs - Women,215.0
366,6187500.0,1,konichiwa,49500.0,Sandal KIDS Konnichiwa x GSI - Maltese Turquoise,125.0
367,298000.0,1,konichiwa,149000.0,Zara jacket/Zara Oversized jacket/Zara jeans jacket/zara denim Jacket/konichiwa jacket,2.0
368,5160000.0,1,konichiwa,129000.0,Sandal Konnichiwa Lazy Day - Navy Blue - Women,40.0
369,283040.0,1,konichiwa,35380.0,Buku Travelling / Konichiwa Japan! / Buku tentang Jepang / Buku Travelling Jepang,8.0
370,1603800.0,1,konichiwa,9900.0,GORDEN HORDENG KORDEN KOLONG DAPUR BAWAH MEJA KOMPOR WESTAFEL MOTIF KONICHIWA MURAH,162.0
371,940800.0,1,konichiwa,44800.0,Konichiwa,21.0
372,7110000.0,1,konichiwa,79000.0,Konnichiwa Flexoft Wedge Flip Flops Pink,90.0
373,0.0,1,konichiwa,35500.0,kaos distro pria konichiwa allsize ld98cm bisa untuk cowok atau cewek cotton 30s,0.0
374,5695000.0,1,konichiwa,85000.0,Paket lensa minus - frame kacamata pria wanita konichiwa,67.0
375,110000.0,1,konichiwa,110000.0,Sprei bahan katun lokal motif konichiwa,1.0
376,0.0,1,konichiwa,31500.0,KONICHIWA (STAR DELUXE),0.0
377,252000.0,1,konichiwa,126000.0,*QWJF* Sandal konichiwa ,2.0
378,0.0,1,konichiwa,135000.0,"Sendal konichiwa, sendal rubi, sepatu converse",0.0
379,110000.0,1,konichiwa,110000.0,Sprei STAR Konichiwa,1.0
380,2946500.0,1,konichiwa,35500.0,Kaos distro CEWEKCOWOKBISA konichiwa ld 98cm kaos cewek kaos santai kaos cowok oblong,83.0
381,0.0,1,konichiwa,40020.0,Buku Travelling // KONICHIWA JAPAN! / Buku tentang Jepang / Buku Travelling Jepang,0.0
382,0.0,1,konichiwa,49000.0,Frame kacamata bulat konichiwa,0.0
383,262900.0,1,konichiwa,23900.0,Kaos Tulisan Jepang Konichiwa Original Cotton Combed 30s Berkualitas Distro Clothing Fpc Id,11.0
384,0.0,1,konichiwa,132000.0,*KDKF* Sandal konichiwa *C,0.0
385,0.0,1,konichiwa,346000.0,Sandal Jepit Yellow Konichiwa Size 39Sd 40,0.0
386,0.0,1,konichiwa,55300.0,JUMPER PANJANG KONICHIWA - PITEKU,0.0
387,0.0,1,konichiwa,124000.0,SANDAL ANAK KONICHIWA SIZE S NEW MOTIF,0.0
388,0.0,1,konichiwa,139000.0,KONICHIWA OVERSIZE JACKET ZARA,0.0
389,0.0,1,konichiwa,111000.0,^ Sandal konichiwa ^,0.0
390,0.0,1,konichiwa,45820.0,NEW!! Buku Traveling Best Seller Konichiwa Japan!,0.0
391,0.0,1,konichiwa,78000.0,Jaket Konichiwa Jeans,0.0
392,0.0,1,konichiwa,111000.0,Sandal konichiwa (ART. 0628),0.0
393,0.0,1,konichiwa,86000.0,#Grosir GORDEN HORDENG KORDEN KOLONG DAPUR BAWAH MEJA KOMPOR WESTAFEL MOTIF KONICHIWA MURAH !!!!,0.0
394,0.0,1,konichiwa,39900.0,Kaos Tshirt Baju Combed 30S Distro KONICHIWA kaos custom pria wanita,0.0
395,410000.0,1,konichiwa,205000.0,Sprei Single Size Konichiwa By Soraya Bedsheet,2.0
396,0.0,1,konichiwa,34800.0,KAOS KONICHIWA SELAMAT SIANG HELLO OHAYOU QUOTEE CLOTHING,0.0
397,0.0,1,konichiwa,49000.0,Frame kacamata bulat konichiwa,0.0
398,0.0,1,konichiwa,112000.0,ARM979 Sandal konichiwa *44,0.0
399,0.0,1,konichiwa,97000.0,Special Price.. GORDEN HORDENG KORDEN KOLONG DAPUR BAWAH MEJA KOMPOR WESTAFEL MOTIF KONICHIWA MURAH,0.0
400,0.0,1,konichiwa,110000.0,sprei star konichiwa,0.0
401,0.0,1,konichiwa,156000.0,Frame Kacamata Minus Konichiwa 8018 - anti radiasi New model _shop17,0.0
402,202000.0,1,konichiwa,202000.0,JG-476 Sandal Konichiwa Abstract Pop - Navy Blue - Women ,1.0
403,123000.0,1,konichiwa,123000.0,Grosir.. GORDEN HORDENG KORDEN KOLONG DAPUR BAWAH MEJA KOMPOR WESTAFEL MOTIF KONICHIWA MURAH EPA,1.0
404,0.0,1,konichiwa,115000.0,SPREI KATUN SET UKURAN 90x200-200x200 KONICHIWA,0.0
405,0.0,1,konichiwa,350000.0,konichiwa-sprei soraya-soraya bedshet-seprei anak-sprei lucu,0.0
406,35000.0,1,konichiwa,35000.0,Kaos katun cowok/cewek I DONT CARE,1.0
407,0.0,1,konichiwa,100000.0,GORDEN HORDENG KORDEN KOLONG DAPUR BAWAH MEJA KOMPOR WESTAFEL MOTIF KONICHIWA MURAH Soft Sale [....,0.0
408,0.0,1,konichiwa,158000.0, Kemeja Katun Konichiwa ,0.0
409,767000.0,1,konichiwa,59000.0,Sandal konichiwa,13.0
410,72300.0,1,konichiwa,72300.0,SETELAN LENGAN PANJANG KONICHIWA - PITEKU,1.0
411,0.0,1,konichiwa,33000.0,Konichiwa choco,0.0
412,160000.0,1,konichiwa,80000.0,Jolalajola Kemeja Katun Konichiwa,2.0
413,1100000.0,1,konichiwa,100000.0,Konichiwa,11.0
414,0.0,1,konichiwa,46400.0,BUKU MOTIVASI : KONICHIWA JAPAN!,0.0
415,0.0,1,konichiwa,30000.0,Totebag Konichiwa,0.0
416,0.0,1,konichiwa,30000.0,Konichiwa Handuk Mandi Corak Ukuran 65 X 130 cm / Handuk Mandi Dewasa,0.0
417,0.0,1,konichiwa,110000.0,NAPKIN KONICHIWA,0.0
418,0.0,1,konichiwa,120000.0,Jacket Konichiwa,0.0
419,0.0,1,konichiwa,110000.0,OVERSIZE JACKET ZARA KONICHIWA ORIGINAL,0.0
420,35000.0,2,konichiwa,35000.0,kaos distro pria konichiwa allsize ld98cm cotton 30s,1.0
421,2430000.0,2,konichiwa,135000.0,Atasan Wanita Tunik Alba Konichiwa Miwa by Tiramisu,18.0
422,500000.0,2,konichiwa,125000.0,Konichiwa Tunik Atasan Wanita Pakaian Wanita By My&Me,4.0
423,142000.0,2,konichiwa,35500.0,KONICO kain Katun sprei Meteran Motif karakter MINIMALIS KONICHIWA Tabur Star Esra Grow Catra,4.0
424,76000.0,2,konichiwa,38000.0,kaos distro wanita konichiwa allsize ld98cm cotton 30s,2.0
425,0.0,2,konichiwa,46400.0,Buku Traveling Best Seller Konichiwa Japan!,0.0
426,0.0,2,konichiwa,75200.0,Konichiwa cardi plain,0.0
427,0.0,2,konichiwa,46400.0,"BUKU KONICHIWA JAPAN | TRAVEL,FOOD,CULTURE,LIFE",0.0
428,0.0,2,konichiwa,57000.0,Baju kodok pendek Piteku konichiwa,0.0
429,0.0,2,konichiwa,120000.0,SPREI KATUN KONICHIWA|TANPA BEDCOVER|DISTRO_SPREI,0.0
430,210000.0,2,konichiwa,105000.0,Konichiwa jaket,2.0
431,0.0,2,konichiwa,100000.0,"Sprei Anak Motif Konichiwa By Katun Star,Seprei Katun Lokal Homemade/Custom Uk.80,90,100,120x200",0.0
432,0.0,2,konichiwa,100000.0,Colourpop x hello kitty lipstick (konichiwa),0.0
433,0.0,2,konichiwa,96000.0,SALE Sandal konichiwa,0.0
434,0.0,2,konichiwa,270000.0,Sprei Konichiwa By Soraya Bedsheet,0.0
435,149700.0,2,konichiwa,49900.0,BAJU KAOS JEPANG KONICHIWA MURAH,3.0
436,0.0,2,konichiwa,145000.0,Tunik Remaja Konichiwa,0.0
437,49999.0,2,konichiwa,49999.0,BAJU KAOS JEPANG KONICHIWA T-SHIRT,1.0
438,0.0,2,konichiwa,135000.0,konichiwa tunic,0.0
439,0.0,2,konichiwa,132000.0,Sandal konichiwa,0.0
440,0.0,2,konichiwa,40000.0,Piteku Baju Atasan Konichiwa,0.0
441,81600.0,2,konichiwa,40800.0,KAOS PRIA BRANDED / KAOS PREMIUM / KAOS DISTRO COMBAD 30S KEREN MURAH Konichiwa,2.0
442,0.0,2,konichiwa,313975.0,bed cover PREMOUM STAR DELUXE KONICHIWA,0.0
443,0.0,2,konichiwa,78000.0,Jaket Konichiwa Jeans,0.0
444,0.0,2,konichiwa,68000.0,Baju Kodok Piteku Panjang seri konichiwa,0.0
445,0.0,2,konichiwa,57000.0,KAOS TULISAN JEPANG/KONICHIWA/HURUF JEPANG,0.0
446,135000.0,2,konichiwa,135000.0,Konichiwa Tunic#My&me,1.0
447,79000.0,2,konichiwa,79000.0,Frame Frame kacamata minus round bulat konichiwa +lensa antiradiasi,1.0
448,0.0,2,konichiwa,135000.0,Kirim sekarang GORDEN HORDENG KORDEN KOLONG DAPUR BAWAH MEJA KOMPOR WESTAFEL MOTIF KONICHIWA MURAH 0,0.0
449,0.0,2,konichiwa,145000.0,Konichiwa,0.0
450,145000.0,2,konichiwa,145000.0,KONICHIWA TUNIK,1.0
451,0.0,2,konichiwa,58000.0,Buku Traveling Best Seller Konichiwa Japan!,0.0
452,0.0,2,konichiwa,55000.0,KERUDUNG INSTANT - KONICHIWA / QUILLAVERS / FASHION MUSLIM / WANITA HIJAB / BERGO / INSTANT / KHIMAR,0.0
453,0.0,2,konichiwa,185000.0,Konichiwa Shirt,0.0
454,0.0,2,konichiwa,130000.0,Konichiwa Tunic By My&Me,0.0
455,0.0,2,konichiwa,100000.0,sprei set katun premium motif konichiwa,0.0
456,0.0,2,konichiwa,141000.0,Terbaik Kemeja Katun Konichiwa,0.0
457,0.0,2,konichiwa,64321.0,T1498 Kaos Tshirt Baju Combed 30S Distro Konichiwa,0.0
458,0.0,2,konichiwa,219000.0,[KODE Q9637] Sandal Konichiwa Abstract Pop - Navy Blue - Women,0.0
459,0.0,2,konichiwa,95000.0,GORDEN HORDENG KORDEN KOLONG DAPUR BAWAH MEJA KOMPOR WESTAFEL MOTIF KONICHIWA MURAH (ART. V0030),0.0
460,0.0,2,konichiwa,89000.0,Terlaris.. GORDEN HORDENG KORDEN KOLONG DAPUR BAWAH MEJA KOMPOR WESTAFEL MOTIF KONICHIWA MURAH,0.0
461,0.0,2,konichiwa,21500.0,Souvenir jepang konichiwa japan pajangan jepang diameter 9cm best japan,0.0
462,195000.0,2,konichiwa,195000.0,Konichiwa syari,1.0
463,0.0,2,konichiwa,335000.0,bedcover set star konichiwa,0.0
464,0.0,2,konichiwa,59000.0,Light Greentea Longsleeve & Konichiwa T-Shirt Big Size Murah Pakaian Lokal Fashion Atasan Baju Fit,0.0
465,0.0,2,konichiwa,90000.0,KAOS JAPAN BIG SIZE 2XL 3XL 4XL 5XL XXL XXXXL XXXXXL JUMBO COMBED 30S PREMIUM DISTRO KONICHIWA,0.0
466,0.0,2,konichiwa,62800.0,Promo big sale OBRAL KAOS DISTRO PREMIUM JAPANESE KONICHIWA MURAH TERLARIS murah pake banget,0.0
467,0.0,2,konichiwa,112000.0,Jaminan!! COTTONBELLS ATASAN KEMEJA CASUAL WANITA KATUN KONICHIWA BUTTON POCKET SHIRT (LQ - B 11984),0.0
468,0.0,2,konichiwa,145000.0,KONICHIWA TUNIC,0.0
469,0.0,2,konichiwa,125000.0,"Sprei Star Katun Motif Konichiwa - (Bahan Nyaman, Lembut dan Tidak Berbulu)",0.0
470,0.0,2,konichiwa,125000.0,Kaos Lucu Design Konichiwa Japan Cute Japanese Cat 356290 shirt Premium,0.0
471,0.0,2,konichiwa,130000.0,Konichiwa Tunik by My n Me,0.0
472,0.0,2,konichiwa,72000.0,[COD] KONICO kain Katun sprei Meteran Motif karakter MINIMALIS KONICHIWA Tabur Star Esra Grow Catra,0.0
473,0.0,2,konichiwa,249000.0,Sprei Anak Konichiwa 100x200x25,0.0
474,0.0,2,konichiwa,222000.0,"Top Produk>,!mgu-829 Sandal Konichiwa Abstract Pop - Navy Blue - Women",0.0
475,0.0,2,konichiwa,21500.0,Pajangan lemari maldives souvenir maldives 9 cm ada juga japan konichiwa australia belanda kota suci,0.0
476,0.0,2,konichiwa,88000.0,Kaos Distro Cewekcowokbisa Konichiwa Ld 98Cm Cewek Santai Cowok Oblong,0.0
477,0.0,2,konichiwa,210000.0,Frame kacamata minus Photocromic Konichiwa - Kacamata anti radiasi _shop17,0.0
478,0.0,2,konichiwa,128000.0,"6.6 Promo GORDEN HORDENG KORDEN KOLONG DAPUR BAWAH MEJA KOMPOR WESTAFEL MOTIF KONICHIWA MURAH ..,,,,",0.0
479,0.0,2,konichiwa,135000.0,Seprei katun motif konichiwa ukuran 12020020,0.0
480,0.0,3,konichiwa,160000.0, Kemeja Katun Konichiwa ,0.0
481,0.0,3,konichiwa,163265.0,Jersey Kaos Tshirt Baju Combed 30S Distro Konichiwa Jersey Futsal Murah Grade Baju Bola,0.0
482,0.0,3,konichiwa,157000.0, Kemeja Katun Konichiwa ,0.0
483,0.0,3,konichiwa,210000.0,Frame kacamata minus Photocromic Konichiwa - Kacamata anti radiasi _shop17,0.0
484,0.0,3,konichiwa,121000.0,GORDEN HORDENG KORDEN KOLONG DAPUR BAWAH MEJA KOMPOR WESTAFEL MOTIF KONICHIWA MURAH [KODE BARU 382],0.0
485,0.0,3,konichiwa,154000.0, Kemeja Katun Konichiwa ,0.0
486,0.0,3,konichiwa,80000.0,PROMO 11.11 KODE-713 GORDEN HORDENG KORDEN KOLONG DAPUR BAWAH MEJA KOMPOR WESTAFEL MOTIF KONICHIWA M,0.0
487,0.0,3,konichiwa,161000.0, Kemeja Katun Konichiwa ,0.0
488,0.0,3,konichiwa,375000.0,SPREI KATUN SET BEDCOVER UKURAN 90x200-200x200 KONICHIWA,0.0
489,0.0,3,konichiwa,158000.0, Kemeja Katun Konichiwa ,0.0
490,0.0,3,konichiwa,156000.0, Kemeja Katun Konichiwa ,0.0
491,0.0,3,konichiwa,151000.0,Flash Sale!! (csk-764) Kemeja Katun Konichiwa,0.0
492,0.0,3,konichiwa,159000.0, Kemeja Katun Konichiwa ,0.0
493,0.0,3,konichiwa,158000.0, Kemeja Katun Konichiwa ,0.0
494,0.0,3,konichiwa,158000.0, Kemeja Katun Konichiwa ,0.0
495,0.0,3,konichiwa,156000.0, Kemeja Katun Konichiwa ,0.0
496,0.0,3,konichiwa,172000.0,[ 6.6 ] *Terlaku* Kemeja Katun Konichiwa ,0.0
497,0.0,3,konichiwa,130000.0,"Sprei Star, Esra Dll, Konichiwa Uk Bed 100 - Terbaik",0.0
498,0.0,3,konichiwa,156000.0,COTTONBELLS ATASAN KEMEJA CASUAL WANITA KATUN KONICHIWA BUTTON POCKET SHIRT (LQ - B 11984) [KODE BAR,0.0
499,0.0,3,konichiwa,77000.0,HOT SALE!! (yvv-234) GORDEN HORDENG KORDEN KOLONG DAPUR BAWAH MEJA KOMPOR WESTAFEL MOTIF KONICHIWA M,0.0
500,0.0,3,konichiwa,129000.0,Terlaris GORDEN HORDENG KORDEN KOLONG DAPUR BAWAH MEJA KOMPOR WESTAFEL MOTIF KONICHIWA MURAH BDK,0.0
501,0.0,3,konichiwa,118000.0,GORDEN HORDENG KORDEN KOLONG DAPUR BAWAH MEJA KOMPOR WESTAFEL MOTIF KONICHIWA MURAH [KODE PRODUK 862,0.0
502,0.0,3,konichiwa,159000.0, Kemeja Katun Konichiwa ,0.0
503,0.0,3,konichiwa,172000.0,"""PRT.26My21"" Kemeja Katun Konichiwa",0.0
504,0.0,3,konichiwa,189000.0,Dijual.. COTTONBELLS ATASAN KEMEJA CASUAL WANITA KATUN KONICHIWA BUTTON POCKET SHIRT (LQ - B ) JW0,0.0
505,0.0,3,konichiwa,191000.0,Best Kemeja Katun Konichiwa 91,0.0
506,0.0,3,konichiwa,355000.0,Bedcover set katun cvc motif konichiwa,0.0
